<?xml version="1.0"?>
<ArrayOfSequence xmlns:xsi="http://www.w3.org/2001/XMLSchema-instance" xmlns:xsd="http://www.w3.org/2001/XMLSchema">
  <Sequence>
    <Classes>
      <string>1</string>
      <string>2</string>
      <string>3</string>
    </Classes>
    <SourcePath>
      <Point>
        <X>107</X>
        <Y>103</Y>
      </Point>
      <Point>
        <X>107</X>
        <Y>102</Y>
      </Point>
      <Point>
        <X>107</X>
        <Y>101</Y>
      </Point>
      <Point>
        <X>107</X>
        <Y>100</Y>
      </Point>
      <Point>
        <X>108</X>
        <Y>99</Y>
      </Point>
      <Point>
        <X>109</X>
        <Y>99</Y>
      </Point>
      <Point>
        <X>109</X>
        <Y>98</Y>
      </Point>
      <Point>
        <X>110</X>
        <Y>97</Y>
      </Point>
      <Point>
        <X>111</X>
        <Y>96</Y>
      </Point>
      <Point>
        <X>113</X>
        <Y>94</Y>
      </Point>
      <Point>
        <X>114</X>
        <Y>93</Y>
      </Point>
      <Point>
        <X>117</X>
        <Y>92</Y>
      </Point>
      <Point>
        <X>120</X>
        <Y>91</Y>
      </Point>
      <Point>
        <X>123</X>
        <Y>90</Y>
      </Point>
      <Point>
        <X>127</X>
        <Y>90</Y>
      </Point>
      <Point>
        <X>132</X>
        <Y>89</Y>
      </Point>
      <Point>
        <X>135</X>
        <Y>87</Y>
      </Point>
      <Point>
        <X>139</X>
        <Y>87</Y>
      </Point>
      <Point>
        <X>144</X>
        <Y>86</Y>
      </Point>
      <Point>
        <X>151</X>
        <Y>85</Y>
      </Point>
      <Point>
        <X>155</X>
        <Y>83</Y>
      </Point>
      <Point>
        <X>160</X>
        <Y>81</Y>
      </Point>
      <Point>
        <X>163</X>
        <Y>80</Y>
      </Point>
      <Point>
        <X>167</X>
        <Y>78</Y>
      </Point>
      <Point>
        <X>171</X>
        <Y>77</Y>
      </Point>
      <Point>
        <X>174</X>
        <Y>76</Y>
      </Point>
      <Point>
        <X>176</X>
        <Y>75</Y>
      </Point>
      <Point>
        <X>180</X>
        <Y>73</Y>
      </Point>
      <Point>
        <X>184</X>
        <Y>71</Y>
      </Point>
      <Point>
        <X>186</X>
        <Y>69</Y>
      </Point>
      <Point>
        <X>190</X>
        <Y>67</Y>
      </Point>
      <Point>
        <X>192</X>
        <Y>64</Y>
      </Point>
      <Point>
        <X>193</X>
        <Y>62</Y>
      </Point>
      <Point>
        <X>196</X>
        <Y>60</Y>
      </Point>
      <Point>
        <X>196</X>
        <Y>59</Y>
      </Point>
      <Point>
        <X>197</X>
        <Y>57</Y>
      </Point>
      <Point>
        <X>197</X>
        <Y>56</Y>
      </Point>
      <Point>
        <X>198</X>
        <Y>55</Y>
      </Point>
      <Point>
        <X>198</X>
        <Y>53</Y>
      </Point>
      <Point>
        <X>198</X>
        <Y>52</Y>
      </Point>
      <Point>
        <X>198</X>
        <Y>51</Y>
      </Point>
      <Point>
        <X>199</X>
        <Y>49</Y>
      </Point>
      <Point>
        <X>199</X>
        <Y>47</Y>
      </Point>
      <Point>
        <X>199</X>
        <Y>46</Y>
      </Point>
      <Point>
        <X>200</X>
        <Y>44</Y>
      </Point>
      <Point>
        <X>200</X>
        <Y>42</Y>
      </Point>
      <Point>
        <X>202</X>
        <Y>39</Y>
      </Point>
      <Point>
        <X>203</X>
        <Y>37</Y>
      </Point>
      <Point>
        <X>203</X>
        <Y>35</Y>
      </Point>
      <Point>
        <X>204</X>
        <Y>33</Y>
      </Point>
      <Point>
        <X>204</X>
        <Y>31</Y>
      </Point>
      <Point>
        <X>205</X>
        <Y>29</Y>
      </Point>
      <Point>
        <X>206</X>
        <Y>28</Y>
      </Point>
      <Point>
        <X>206</X>
        <Y>26</Y>
      </Point>
      <Point>
        <X>206</X>
        <Y>25</Y>
      </Point>
      <Point>
        <X>207</X>
        <Y>24</Y>
      </Point>
      <Point>
        <X>207</X>
        <Y>23</Y>
      </Point>
      <Point>
        <X>207</X>
        <Y>24</Y>
      </Point>
      <Point>
        <X>207</X>
        <Y>27</Y>
      </Point>
      <Point>
        <X>207</X>
        <Y>31</Y>
      </Point>
      <Point>
        <X>205</X>
        <Y>35</Y>
      </Point>
      <Point>
        <X>204</X>
        <Y>38</Y>
      </Point>
      <Point>
        <X>203</X>
        <Y>43</Y>
      </Point>
      <Point>
        <X>202</X>
        <Y>48</Y>
      </Point>
      <Point>
        <X>200</X>
        <Y>55</Y>
      </Point>
      <Point>
        <X>199</X>
        <Y>67</Y>
      </Point>
      <Point>
        <X>199</X>
        <Y>78</Y>
      </Point>
      <Point>
        <X>197</X>
        <Y>91</Y>
      </Point>
      <Point>
        <X>195</X>
        <Y>106</Y>
      </Point>
      <Point>
        <X>195</X>
        <Y>122</Y>
      </Point>
      <Point>
        <X>194</X>
        <Y>137</Y>
      </Point>
      <Point>
        <X>192</X>
        <Y>151</Y>
      </Point>
      <Point>
        <X>190</X>
        <Y>162</Y>
      </Point>
      <Point>
        <X>189</X>
        <Y>173</Y>
      </Point>
      <Point>
        <X>189</X>
        <Y>180</Y>
      </Point>
      <Point>
        <X>187</X>
        <Y>189</Y>
      </Point>
      <Point>
        <X>186</X>
        <Y>194</Y>
      </Point>
      <Point>
        <X>185</X>
        <Y>199</Y>
      </Point>
      <Point>
        <X>185</X>
        <Y>203</Y>
      </Point>
      <Point>
        <X>183</X>
        <Y>206</Y>
      </Point>
      <Point>
        <X>183</X>
        <Y>210</Y>
      </Point>
      <Point>
        <X>183</X>
        <Y>213</Y>
      </Point>
      <Point>
        <X>182</X>
        <Y>218</Y>
      </Point>
      <Point>
        <X>182</X>
        <Y>222</Y>
      </Point>
      <Point>
        <X>181</X>
        <Y>224</Y>
      </Point>
      <Point>
        <X>181</X>
        <Y>228</Y>
      </Point>
      <Point>
        <X>181</X>
        <Y>230</Y>
      </Point>
      <Point>
        <X>181</X>
        <Y>231</Y>
      </Point>
      <Point>
        <X>181</X>
        <Y>233</Y>
      </Point>
      <Point>
        <X>181</X>
        <Y>234</Y>
      </Point>
      <Point>
        <X>180</X>
        <Y>234</Y>
      </Point>
    </SourcePath>
    <Output>0</Output>
    <RecognizedAs>0</RecognizedAs>
  </Sequence>
  <Sequence>
    <Classes>
      <string>1</string>
      <string>2</string>
      <string>3</string>
    </Classes>
    <SourcePath>
      <Point>
        <X>138</X>
        <Y>99</Y>
      </Point>
      <Point>
        <X>141</X>
        <Y>95</Y>
      </Point>
      <Point>
        <X>145</X>
        <Y>93</Y>
      </Point>
      <Point>
        <X>150</X>
        <Y>88</Y>
      </Point>
      <Point>
        <X>154</X>
        <Y>86</Y>
      </Point>
      <Point>
        <X>157</X>
        <Y>82</Y>
      </Point>
      <Point>
        <X>163</X>
        <Y>80</Y>
      </Point>
      <Point>
        <X>169</X>
        <Y>75</Y>
      </Point>
      <Point>
        <X>174</X>
        <Y>71</Y>
      </Point>
      <Point>
        <X>178</X>
        <Y>67</Y>
      </Point>
      <Point>
        <X>182</X>
        <Y>63</Y>
      </Point>
      <Point>
        <X>188</X>
        <Y>59</Y>
      </Point>
      <Point>
        <X>190</X>
        <Y>55</Y>
      </Point>
      <Point>
        <X>194</X>
        <Y>52</Y>
      </Point>
      <Point>
        <X>198</X>
        <Y>46</Y>
      </Point>
      <Point>
        <X>202</X>
        <Y>42</Y>
      </Point>
      <Point>
        <X>206</X>
        <Y>38</Y>
      </Point>
      <Point>
        <X>208</X>
        <Y>36</Y>
      </Point>
      <Point>
        <X>210</X>
        <Y>34</Y>
      </Point>
      <Point>
        <X>211</X>
        <Y>33</Y>
      </Point>
      <Point>
        <X>212</X>
        <Y>32</Y>
      </Point>
      <Point>
        <X>212</X>
        <Y>33</Y>
      </Point>
      <Point>
        <X>211</X>
        <Y>37</Y>
      </Point>
      <Point>
        <X>211</X>
        <Y>40</Y>
      </Point>
      <Point>
        <X>208</X>
        <Y>44</Y>
      </Point>
      <Point>
        <X>208</X>
        <Y>49</Y>
      </Point>
      <Point>
        <X>207</X>
        <Y>54</Y>
      </Point>
      <Point>
        <X>206</X>
        <Y>59</Y>
      </Point>
      <Point>
        <X>206</X>
        <Y>64</Y>
      </Point>
      <Point>
        <X>206</X>
        <Y>70</Y>
      </Point>
      <Point>
        <X>204</X>
        <Y>77</Y>
      </Point>
      <Point>
        <X>204</X>
        <Y>86</Y>
      </Point>
      <Point>
        <X>204</X>
        <Y>95</Y>
      </Point>
      <Point>
        <X>204</X>
        <Y>104</Y>
      </Point>
      <Point>
        <X>204</X>
        <Y>115</Y>
      </Point>
      <Point>
        <X>203</X>
        <Y>126</Y>
      </Point>
      <Point>
        <X>203</X>
        <Y>139</Y>
      </Point>
      <Point>
        <X>201</X>
        <Y>151</Y>
      </Point>
      <Point>
        <X>201</X>
        <Y>162</Y>
      </Point>
      <Point>
        <X>200</X>
        <Y>171</Y>
      </Point>
      <Point>
        <X>200</X>
        <Y>180</Y>
      </Point>
      <Point>
        <X>198</X>
        <Y>189</Y>
      </Point>
      <Point>
        <X>197</X>
        <Y>196</Y>
      </Point>
      <Point>
        <X>197</X>
        <Y>201</Y>
      </Point>
      <Point>
        <X>197</X>
        <Y>203</Y>
      </Point>
      <Point>
        <X>195</X>
        <Y>207</Y>
      </Point>
      <Point>
        <X>195</X>
        <Y>209</Y>
      </Point>
      <Point>
        <X>195</X>
        <Y>210</Y>
      </Point>
      <Point>
        <X>195</X>
        <Y>211</Y>
      </Point>
    </SourcePath>
    <Output>0</Output>
    <RecognizedAs>0</RecognizedAs>
  </Sequence>
  <Sequence>
    <Classes>
      <string>1</string>
      <string>2</string>
      <string>3</string>
    </Classes>
    <SourcePath>
      <Point>
        <X>148</X>
        <Y>144</Y>
      </Point>
      <Point>
        <X>148</X>
        <Y>143</Y>
      </Point>
      <Point>
        <X>148</X>
        <Y>142</Y>
      </Point>
      <Point>
        <X>149</X>
        <Y>141</Y>
      </Point>
      <Point>
        <X>150</X>
        <Y>141</Y>
      </Point>
      <Point>
        <X>151</X>
        <Y>138</Y>
      </Point>
      <Point>
        <X>152</X>
        <Y>136</Y>
      </Point>
      <Point>
        <X>154</X>
        <Y>133</Y>
      </Point>
      <Point>
        <X>157</X>
        <Y>129</Y>
      </Point>
      <Point>
        <X>159</X>
        <Y>125</Y>
      </Point>
      <Point>
        <X>163</X>
        <Y>120</Y>
      </Point>
      <Point>
        <X>169</X>
        <Y>114</Y>
      </Point>
      <Point>
        <X>174</X>
        <Y>108</Y>
      </Point>
      <Point>
        <X>180</X>
        <Y>100</Y>
      </Point>
      <Point>
        <X>185</X>
        <Y>93</Y>
      </Point>
      <Point>
        <X>187</X>
        <Y>85</Y>
      </Point>
      <Point>
        <X>192</X>
        <Y>80</Y>
      </Point>
      <Point>
        <X>194</X>
        <Y>76</Y>
      </Point>
      <Point>
        <X>197</X>
        <Y>72</Y>
      </Point>
      <Point>
        <X>199</X>
        <Y>69</Y>
      </Point>
      <Point>
        <X>200</X>
        <Y>66</Y>
      </Point>
      <Point>
        <X>201</X>
        <Y>64</Y>
      </Point>
      <Point>
        <X>202</X>
        <Y>62</Y>
      </Point>
      <Point>
        <X>202</X>
        <Y>61</Y>
      </Point>
      <Point>
        <X>202</X>
        <Y>63</Y>
      </Point>
      <Point>
        <X>202</X>
        <Y>67</Y>
      </Point>
      <Point>
        <X>202</X>
        <Y>71</Y>
      </Point>
      <Point>
        <X>202</X>
        <Y>75</Y>
      </Point>
      <Point>
        <X>201</X>
        <Y>82</Y>
      </Point>
      <Point>
        <X>200</X>
        <Y>87</Y>
      </Point>
      <Point>
        <X>200</X>
        <Y>94</Y>
      </Point>
      <Point>
        <X>200</X>
        <Y>100</Y>
      </Point>
      <Point>
        <X>198</X>
        <Y>114</Y>
      </Point>
      <Point>
        <X>198</X>
        <Y>129</Y>
      </Point>
      <Point>
        <X>198</X>
        <Y>146</Y>
      </Point>
      <Point>
        <X>198</X>
        <Y>164</Y>
      </Point>
      <Point>
        <X>196</X>
        <Y>181</Y>
      </Point>
      <Point>
        <X>196</X>
        <Y>199</Y>
      </Point>
      <Point>
        <X>195</X>
        <Y>210</Y>
      </Point>
      <Point>
        <X>195</X>
        <Y>219</Y>
      </Point>
      <Point>
        <X>193</X>
        <Y>226</Y>
      </Point>
      <Point>
        <X>193</X>
        <Y>231</Y>
      </Point>
      <Point>
        <X>192</X>
        <Y>233</Y>
      </Point>
      <Point>
        <X>192</X>
        <Y>237</Y>
      </Point>
      <Point>
        <X>192</X>
        <Y>238</Y>
      </Point>
      <Point>
        <X>191</X>
        <Y>240</Y>
      </Point>
      <Point>
        <X>191</X>
        <Y>242</Y>
      </Point>
      <Point>
        <X>191</X>
        <Y>244</Y>
      </Point>
      <Point>
        <X>191</X>
        <Y>245</Y>
      </Point>
      <Point>
        <X>191</X>
        <Y>247</Y>
      </Point>
      <Point>
        <X>190</X>
        <Y>248</Y>
      </Point>
      <Point>
        <X>190</X>
        <Y>249</Y>
      </Point>
      <Point>
        <X>190</X>
        <Y>251</Y>
      </Point>
      <Point>
        <X>189</X>
        <Y>253</Y>
      </Point>
      <Point>
        <X>189</X>
        <Y>254</Y>
      </Point>
      <Point>
        <X>188</X>
        <Y>255</Y>
      </Point>
      <Point>
        <X>188</X>
        <Y>256</Y>
      </Point>
      <Point>
        <X>188</X>
        <Y>257</Y>
      </Point>
    </SourcePath>
    <Output>0</Output>
    <RecognizedAs>0</RecognizedAs>
  </Sequence>
  <Sequence>
    <Classes>
      <string>1</string>
      <string>2</string>
      <string>3</string>
    </Classes>
    <SourcePath>
      <Point>
        <X>134</X>
        <Y>111</Y>
      </Point>
      <Point>
        <X>135</X>
        <Y>108</Y>
      </Point>
      <Point>
        <X>137</X>
        <Y>104</Y>
      </Point>
      <Point>
        <X>140</X>
        <Y>99</Y>
      </Point>
      <Point>
        <X>144</X>
        <Y>93</Y>
      </Point>
      <Point>
        <X>147</X>
        <Y>88</Y>
      </Point>
      <Point>
        <X>151</X>
        <Y>82</Y>
      </Point>
      <Point>
        <X>156</X>
        <Y>76</Y>
      </Point>
      <Point>
        <X>160</X>
        <Y>69</Y>
      </Point>
      <Point>
        <X>166</X>
        <Y>63</Y>
      </Point>
      <Point>
        <X>172</X>
        <Y>57</Y>
      </Point>
      <Point>
        <X>178</X>
        <Y>51</Y>
      </Point>
      <Point>
        <X>184</X>
        <Y>45</Y>
      </Point>
      <Point>
        <X>188</X>
        <Y>39</Y>
      </Point>
      <Point>
        <X>192</X>
        <Y>35</Y>
      </Point>
      <Point>
        <X>194</X>
        <Y>32</Y>
      </Point>
      <Point>
        <X>197</X>
        <Y>29</Y>
      </Point>
      <Point>
        <X>198</X>
        <Y>28</Y>
      </Point>
      <Point>
        <X>199</X>
        <Y>28</Y>
      </Point>
      <Point>
        <X>199</X>
        <Y>29</Y>
      </Point>
      <Point>
        <X>197</X>
        <Y>32</Y>
      </Point>
      <Point>
        <X>195</X>
        <Y>36</Y>
      </Point>
      <Point>
        <X>194</X>
        <Y>39</Y>
      </Point>
      <Point>
        <X>192</X>
        <Y>43</Y>
      </Point>
      <Point>
        <X>192</X>
        <Y>47</Y>
      </Point>
      <Point>
        <X>191</X>
        <Y>52</Y>
      </Point>
      <Point>
        <X>191</X>
        <Y>58</Y>
      </Point>
      <Point>
        <X>191</X>
        <Y>67</Y>
      </Point>
      <Point>
        <X>191</X>
        <Y>78</Y>
      </Point>
      <Point>
        <X>191</X>
        <Y>91</Y>
      </Point>
      <Point>
        <X>191</X>
        <Y>109</Y>
      </Point>
      <Point>
        <X>191</X>
        <Y>124</Y>
      </Point>
      <Point>
        <X>191</X>
        <Y>144</Y>
      </Point>
      <Point>
        <X>191</X>
        <Y>165</Y>
      </Point>
      <Point>
        <X>191</X>
        <Y>189</Y>
      </Point>
      <Point>
        <X>191</X>
        <Y>213</Y>
      </Point>
      <Point>
        <X>191</X>
        <Y>232</Y>
      </Point>
      <Point>
        <X>191</X>
        <Y>250</Y>
      </Point>
      <Point>
        <X>191</X>
        <Y>263</Y>
      </Point>
      <Point>
        <X>191</X>
        <Y>270</Y>
      </Point>
      <Point>
        <X>191</X>
        <Y>275</Y>
      </Point>
      <Point>
        <X>191</X>
        <Y>277</Y>
      </Point>
      <Point>
        <X>191</X>
        <Y>279</Y>
      </Point>
    </SourcePath>
    <Output>0</Output>
    <RecognizedAs>0</RecognizedAs>
  </Sequence>
  <Sequence>
    <Classes>
      <string>1</string>
      <string>2</string>
      <string>3</string>
    </Classes>
    <SourcePath>
      <Point>
        <X>135</X>
        <Y>41</Y>
      </Point>
      <Point>
        <X>135</X>
        <Y>40</Y>
      </Point>
      <Point>
        <X>136</X>
        <Y>40</Y>
      </Point>
      <Point>
        <X>137</X>
        <Y>40</Y>
      </Point>
      <Point>
        <X>138</X>
        <Y>40</Y>
      </Point>
      <Point>
        <X>139</X>
        <Y>40</Y>
      </Point>
      <Point>
        <X>140</X>
        <Y>40</Y>
      </Point>
      <Point>
        <X>141</X>
        <Y>40</Y>
      </Point>
      <Point>
        <X>142</X>
        <Y>40</Y>
      </Point>
      <Point>
        <X>143</X>
        <Y>40</Y>
      </Point>
      <Point>
        <X>144</X>
        <Y>40</Y>
      </Point>
      <Point>
        <X>146</X>
        <Y>40</Y>
      </Point>
      <Point>
        <X>147</X>
        <Y>40</Y>
      </Point>
      <Point>
        <X>149</X>
        <Y>40</Y>
      </Point>
      <Point>
        <X>150</X>
        <Y>41</Y>
      </Point>
      <Point>
        <X>152</X>
        <Y>42</Y>
      </Point>
      <Point>
        <X>155</X>
        <Y>43</Y>
      </Point>
      <Point>
        <X>156</X>
        <Y>44</Y>
      </Point>
      <Point>
        <X>158</X>
        <Y>45</Y>
      </Point>
      <Point>
        <X>159</X>
        <Y>47</Y>
      </Point>
      <Point>
        <X>160</X>
        <Y>49</Y>
      </Point>
      <Point>
        <X>162</X>
        <Y>53</Y>
      </Point>
      <Point>
        <X>163</X>
        <Y>55</Y>
      </Point>
      <Point>
        <X>166</X>
        <Y>57</Y>
      </Point>
      <Point>
        <X>168</X>
        <Y>63</Y>
      </Point>
      <Point>
        <X>171</X>
        <Y>68</Y>
      </Point>
      <Point>
        <X>174</X>
        <Y>72</Y>
      </Point>
      <Point>
        <X>176</X>
        <Y>77</Y>
      </Point>
      <Point>
        <X>177</X>
        <Y>82</Y>
      </Point>
      <Point>
        <X>179</X>
        <Y>87</Y>
      </Point>
      <Point>
        <X>179</X>
        <Y>90</Y>
      </Point>
      <Point>
        <X>179</X>
        <Y>95</Y>
      </Point>
      <Point>
        <X>179</X>
        <Y>99</Y>
      </Point>
      <Point>
        <X>179</X>
        <Y>104</Y>
      </Point>
      <Point>
        <X>179</X>
        <Y>107</Y>
      </Point>
      <Point>
        <X>178</X>
        <Y>112</Y>
      </Point>
      <Point>
        <X>176</X>
        <Y>116</Y>
      </Point>
      <Point>
        <X>173</X>
        <Y>121</Y>
      </Point>
      <Point>
        <X>171</X>
        <Y>125</Y>
      </Point>
      <Point>
        <X>167</X>
        <Y>129</Y>
      </Point>
      <Point>
        <X>163</X>
        <Y>131</Y>
      </Point>
      <Point>
        <X>160</X>
        <Y>134</Y>
      </Point>
      <Point>
        <X>155</X>
        <Y>136</Y>
      </Point>
      <Point>
        <X>147</X>
        <Y>141</Y>
      </Point>
      <Point>
        <X>137</X>
        <Y>147</Y>
      </Point>
      <Point>
        <X>127</X>
        <Y>156</Y>
      </Point>
      <Point>
        <X>119</X>
        <Y>164</Y>
      </Point>
      <Point>
        <X>111</X>
        <Y>170</Y>
      </Point>
      <Point>
        <X>107</X>
        <Y>176</Y>
      </Point>
      <Point>
        <X>103</X>
        <Y>180</Y>
      </Point>
      <Point>
        <X>101</X>
        <Y>182</Y>
      </Point>
      <Point>
        <X>98</X>
        <Y>184</Y>
      </Point>
      <Point>
        <X>98</X>
        <Y>186</Y>
      </Point>
      <Point>
        <X>98</X>
        <Y>187</Y>
      </Point>
      <Point>
        <X>98</X>
        <Y>188</Y>
      </Point>
      <Point>
        <X>99</X>
        <Y>188</Y>
      </Point>
      <Point>
        <X>101</X>
        <Y>188</Y>
      </Point>
      <Point>
        <X>103</X>
        <Y>188</Y>
      </Point>
      <Point>
        <X>110</X>
        <Y>192</Y>
      </Point>
      <Point>
        <X>123</X>
        <Y>203</Y>
      </Point>
      <Point>
        <X>137</X>
        <Y>212</Y>
      </Point>
      <Point>
        <X>148</X>
        <Y>217</Y>
      </Point>
      <Point>
        <X>158</X>
        <Y>218</Y>
      </Point>
      <Point>
        <X>164</X>
        <Y>218</Y>
      </Point>
      <Point>
        <X>168</X>
        <Y>218</Y>
      </Point>
      <Point>
        <X>171</X>
        <Y>218</Y>
      </Point>
      <Point>
        <X>172</X>
        <Y>218</Y>
      </Point>
      <Point>
        <X>173</X>
        <Y>218</Y>
      </Point>
      <Point>
        <X>174</X>
        <Y>218</Y>
      </Point>
      <Point>
        <X>175</X>
        <Y>218</Y>
      </Point>
      <Point>
        <X>175</X>
        <Y>217</Y>
      </Point>
      <Point>
        <X>176</X>
        <Y>217</Y>
      </Point>
      <Point>
        <X>176</X>
        <Y>216</Y>
      </Point>
    </SourcePath>
    <Output>1</Output>
    <RecognizedAs>1</RecognizedAs>
  </Sequence>
  <Sequence>
    <Classes>
      <string>1</string>
      <string>2</string>
      <string>3</string>
    </Classes>
    <SourcePath>
      <Point>
        <X>149</X>
        <Y>74</Y>
      </Point>
      <Point>
        <X>149</X>
        <Y>73</Y>
      </Point>
      <Point>
        <X>150</X>
        <Y>72</Y>
      </Point>
      <Point>
        <X>151</X>
        <Y>70</Y>
      </Point>
      <Point>
        <X>152</X>
        <Y>69</Y>
      </Point>
      <Point>
        <X>153</X>
        <Y>67</Y>
      </Point>
      <Point>
        <X>155</X>
        <Y>66</Y>
      </Point>
      <Point>
        <X>158</X>
        <Y>63</Y>
      </Point>
      <Point>
        <X>160</X>
        <Y>62</Y>
      </Point>
      <Point>
        <X>162</X>
        <Y>61</Y>
      </Point>
      <Point>
        <X>166</X>
        <Y>59</Y>
      </Point>
      <Point>
        <X>169</X>
        <Y>59</Y>
      </Point>
      <Point>
        <X>173</X>
        <Y>59</Y>
      </Point>
      <Point>
        <X>175</X>
        <Y>59</Y>
      </Point>
      <Point>
        <X>178</X>
        <Y>59</Y>
      </Point>
      <Point>
        <X>182</X>
        <Y>59</Y>
      </Point>
      <Point>
        <X>185</X>
        <Y>59</Y>
      </Point>
      <Point>
        <X>187</X>
        <Y>59</Y>
      </Point>
      <Point>
        <X>190</X>
        <Y>60</Y>
      </Point>
      <Point>
        <X>193</X>
        <Y>61</Y>
      </Point>
      <Point>
        <X>196</X>
        <Y>64</Y>
      </Point>
      <Point>
        <X>198</X>
        <Y>66</Y>
      </Point>
      <Point>
        <X>199</X>
        <Y>69</Y>
      </Point>
      <Point>
        <X>200</X>
        <Y>73</Y>
      </Point>
      <Point>
        <X>200</X>
        <Y>78</Y>
      </Point>
      <Point>
        <X>200</X>
        <Y>81</Y>
      </Point>
      <Point>
        <X>200</X>
        <Y>86</Y>
      </Point>
      <Point>
        <X>200</X>
        <Y>91</Y>
      </Point>
      <Point>
        <X>200</X>
        <Y>95</Y>
      </Point>
      <Point>
        <X>200</X>
        <Y>100</Y>
      </Point>
      <Point>
        <X>199</X>
        <Y>103</Y>
      </Point>
      <Point>
        <X>198</X>
        <Y>107</Y>
      </Point>
      <Point>
        <X>195</X>
        <Y>112</Y>
      </Point>
      <Point>
        <X>193</X>
        <Y>116</Y>
      </Point>
      <Point>
        <X>189</X>
        <Y>120</Y>
      </Point>
      <Point>
        <X>187</X>
        <Y>123</Y>
      </Point>
      <Point>
        <X>183</X>
        <Y>127</Y>
      </Point>
      <Point>
        <X>179</X>
        <Y>130</Y>
      </Point>
      <Point>
        <X>175</X>
        <Y>133</Y>
      </Point>
      <Point>
        <X>170</X>
        <Y>136</Y>
      </Point>
      <Point>
        <X>164</X>
        <Y>140</Y>
      </Point>
      <Point>
        <X>160</X>
        <Y>144</Y>
      </Point>
      <Point>
        <X>155</X>
        <Y>147</Y>
      </Point>
      <Point>
        <X>151</X>
        <Y>149</Y>
      </Point>
      <Point>
        <X>148</X>
        <Y>153</Y>
      </Point>
      <Point>
        <X>145</X>
        <Y>155</Y>
      </Point>
      <Point>
        <X>144</X>
        <Y>159</Y>
      </Point>
      <Point>
        <X>142</X>
        <Y>161</Y>
      </Point>
      <Point>
        <X>142</X>
        <Y>162</Y>
      </Point>
      <Point>
        <X>142</X>
        <Y>164</Y>
      </Point>
      <Point>
        <X>142</X>
        <Y>165</Y>
      </Point>
      <Point>
        <X>142</X>
        <Y>166</Y>
      </Point>
      <Point>
        <X>142</X>
        <Y>167</Y>
      </Point>
      <Point>
        <X>142</X>
        <Y>168</Y>
      </Point>
      <Point>
        <X>143</X>
        <Y>170</Y>
      </Point>
      <Point>
        <X>144</X>
        <Y>171</Y>
      </Point>
      <Point>
        <X>145</X>
        <Y>173</Y>
      </Point>
      <Point>
        <X>146</X>
        <Y>174</Y>
      </Point>
      <Point>
        <X>146</X>
        <Y>175</Y>
      </Point>
      <Point>
        <X>148</X>
        <Y>175</Y>
      </Point>
      <Point>
        <X>151</X>
        <Y>176</Y>
      </Point>
      <Point>
        <X>153</X>
        <Y>177</Y>
      </Point>
      <Point>
        <X>155</X>
        <Y>177</Y>
      </Point>
      <Point>
        <X>157</X>
        <Y>177</Y>
      </Point>
      <Point>
        <X>161</X>
        <Y>178</Y>
      </Point>
      <Point>
        <X>164</X>
        <Y>178</Y>
      </Point>
      <Point>
        <X>168</X>
        <Y>178</Y>
      </Point>
      <Point>
        <X>171</X>
        <Y>178</Y>
      </Point>
      <Point>
        <X>176</X>
        <Y>178</Y>
      </Point>
      <Point>
        <X>181</X>
        <Y>178</Y>
      </Point>
      <Point>
        <X>185</X>
        <Y>179</Y>
      </Point>
      <Point>
        <X>188</X>
        <Y>179</Y>
      </Point>
      <Point>
        <X>192</X>
        <Y>181</Y>
      </Point>
      <Point>
        <X>194</X>
        <Y>181</Y>
      </Point>
      <Point>
        <X>195</X>
        <Y>181</Y>
      </Point>
      <Point>
        <X>196</X>
        <Y>181</Y>
      </Point>
      <Point>
        <X>197</X>
        <Y>182</Y>
      </Point>
      <Point>
        <X>198</X>
        <Y>182</Y>
      </Point>
    </SourcePath>
    <Output>1</Output>
    <RecognizedAs>1</RecognizedAs>
  </Sequence>
  <Sequence>
    <Classes>
      <string>1</string>
      <string>2</string>
      <string>3</string>
    </Classes>
    <SourcePath>
      <Point>
        <X>132</X>
        <Y>92</Y>
      </Point>
      <Point>
        <X>132</X>
        <Y>91</Y>
      </Point>
      <Point>
        <X>132</X>
        <Y>89</Y>
      </Point>
      <Point>
        <X>133</X>
        <Y>87</Y>
      </Point>
      <Point>
        <X>136</X>
        <Y>84</Y>
      </Point>
      <Point>
        <X>137</X>
        <Y>82</Y>
      </Point>
      <Point>
        <X>139</X>
        <Y>80</Y>
      </Point>
      <Point>
        <X>143</X>
        <Y>78</Y>
      </Point>
      <Point>
        <X>146</X>
        <Y>77</Y>
      </Point>
      <Point>
        <X>152</X>
        <Y>75</Y>
      </Point>
      <Point>
        <X>157</X>
        <Y>73</Y>
      </Point>
      <Point>
        <X>162</X>
        <Y>72</Y>
      </Point>
      <Point>
        <X>167</X>
        <Y>71</Y>
      </Point>
      <Point>
        <X>172</X>
        <Y>71</Y>
      </Point>
      <Point>
        <X>178</X>
        <Y>71</Y>
      </Point>
      <Point>
        <X>183</X>
        <Y>71</Y>
      </Point>
      <Point>
        <X>187</X>
        <Y>72</Y>
      </Point>
      <Point>
        <X>191</X>
        <Y>76</Y>
      </Point>
      <Point>
        <X>194</X>
        <Y>78</Y>
      </Point>
      <Point>
        <X>197</X>
        <Y>84</Y>
      </Point>
      <Point>
        <X>202</X>
        <Y>91</Y>
      </Point>
      <Point>
        <X>203</X>
        <Y>98</Y>
      </Point>
      <Point>
        <X>204</X>
        <Y>108</Y>
      </Point>
      <Point>
        <X>204</X>
        <Y>114</Y>
      </Point>
      <Point>
        <X>204</X>
        <Y>119</Y>
      </Point>
      <Point>
        <X>204</X>
        <Y>123</Y>
      </Point>
      <Point>
        <X>203</X>
        <Y>127</Y>
      </Point>
      <Point>
        <X>200</X>
        <Y>132</Y>
      </Point>
      <Point>
        <X>197</X>
        <Y>136</Y>
      </Point>
      <Point>
        <X>192</X>
        <Y>141</Y>
      </Point>
      <Point>
        <X>186</X>
        <Y>147</Y>
      </Point>
      <Point>
        <X>180</X>
        <Y>155</Y>
      </Point>
      <Point>
        <X>172</X>
        <Y>163</Y>
      </Point>
      <Point>
        <X>164</X>
        <Y>171</Y>
      </Point>
      <Point>
        <X>154</X>
        <Y>181</Y>
      </Point>
      <Point>
        <X>146</X>
        <Y>189</Y>
      </Point>
      <Point>
        <X>138</X>
        <Y>196</Y>
      </Point>
      <Point>
        <X>132</X>
        <Y>200</Y>
      </Point>
      <Point>
        <X>127</X>
        <Y>204</Y>
      </Point>
      <Point>
        <X>123</X>
        <Y>207</Y>
      </Point>
      <Point>
        <X>120</X>
        <Y>210</Y>
      </Point>
      <Point>
        <X>119</X>
        <Y>213</Y>
      </Point>
      <Point>
        <X>119</X>
        <Y>214</Y>
      </Point>
      <Point>
        <X>120</X>
        <Y>214</Y>
      </Point>
      <Point>
        <X>121</X>
        <Y>214</Y>
      </Point>
      <Point>
        <X>123</X>
        <Y>213</Y>
      </Point>
      <Point>
        <X>127</X>
        <Y>213</Y>
      </Point>
      <Point>
        <X>132</X>
        <Y>217</Y>
      </Point>
      <Point>
        <X>142</X>
        <Y>225</Y>
      </Point>
      <Point>
        <X>161</X>
        <Y>236</Y>
      </Point>
      <Point>
        <X>181</X>
        <Y>245</Y>
      </Point>
      <Point>
        <X>201</X>
        <Y>252</Y>
      </Point>
      <Point>
        <X>219</X>
        <Y>256</Y>
      </Point>
      <Point>
        <X>230</X>
        <Y>256</Y>
      </Point>
      <Point>
        <X>239</X>
        <Y>256</Y>
      </Point>
      <Point>
        <X>243</X>
        <Y>256</Y>
      </Point>
      <Point>
        <X>246</X>
        <Y>256</Y>
      </Point>
      <Point>
        <X>248</X>
        <Y>256</Y>
      </Point>
      <Point>
        <X>249</X>
        <Y>256</Y>
      </Point>
      <Point>
        <X>250</X>
        <Y>256</Y>
      </Point>
    </SourcePath>
    <Output>1</Output>
    <RecognizedAs>1</RecognizedAs>
  </Sequence>
  <Sequence>
    <Classes>
      <string>1</string>
      <string>2</string>
      <string>3</string>
    </Classes>
    <SourcePath>
      <Point>
        <X>134</X>
        <Y>76</Y>
      </Point>
      <Point>
        <X>135</X>
        <Y>74</Y>
      </Point>
      <Point>
        <X>136</X>
        <Y>73</Y>
      </Point>
      <Point>
        <X>138</X>
        <Y>72</Y>
      </Point>
      <Point>
        <X>141</X>
        <Y>70</Y>
      </Point>
      <Point>
        <X>143</X>
        <Y>67</Y>
      </Point>
      <Point>
        <X>147</X>
        <Y>65</Y>
      </Point>
      <Point>
        <X>150</X>
        <Y>64</Y>
      </Point>
      <Point>
        <X>154</X>
        <Y>62</Y>
      </Point>
      <Point>
        <X>157</X>
        <Y>61</Y>
      </Point>
      <Point>
        <X>161</X>
        <Y>60</Y>
      </Point>
      <Point>
        <X>166</X>
        <Y>60</Y>
      </Point>
      <Point>
        <X>169</X>
        <Y>60</Y>
      </Point>
      <Point>
        <X>173</X>
        <Y>60</Y>
      </Point>
      <Point>
        <X>177</X>
        <Y>60</Y>
      </Point>
      <Point>
        <X>179</X>
        <Y>63</Y>
      </Point>
      <Point>
        <X>181</X>
        <Y>66</Y>
      </Point>
      <Point>
        <X>184</X>
        <Y>70</Y>
      </Point>
      <Point>
        <X>188</X>
        <Y>75</Y>
      </Point>
      <Point>
        <X>189</X>
        <Y>80</Y>
      </Point>
      <Point>
        <X>190</X>
        <Y>87</Y>
      </Point>
      <Point>
        <X>190</X>
        <Y>92</Y>
      </Point>
      <Point>
        <X>190</X>
        <Y>97</Y>
      </Point>
      <Point>
        <X>190</X>
        <Y>104</Y>
      </Point>
      <Point>
        <X>190</X>
        <Y>109</Y>
      </Point>
      <Point>
        <X>190</X>
        <Y>112</Y>
      </Point>
      <Point>
        <X>189</X>
        <Y>116</Y>
      </Point>
      <Point>
        <X>187</X>
        <Y>120</Y>
      </Point>
      <Point>
        <X>184</X>
        <Y>122</Y>
      </Point>
      <Point>
        <X>182</X>
        <Y>126</Y>
      </Point>
      <Point>
        <X>178</X>
        <Y>131</Y>
      </Point>
      <Point>
        <X>172</X>
        <Y>137</Y>
      </Point>
      <Point>
        <X>166</X>
        <Y>143</Y>
      </Point>
      <Point>
        <X>158</X>
        <Y>149</Y>
      </Point>
      <Point>
        <X>148</X>
        <Y>156</Y>
      </Point>
      <Point>
        <X>140</X>
        <Y>162</Y>
      </Point>
      <Point>
        <X>131</X>
        <Y>167</Y>
      </Point>
      <Point>
        <X>123</X>
        <Y>170</Y>
      </Point>
      <Point>
        <X>118</X>
        <Y>172</Y>
      </Point>
      <Point>
        <X>116</X>
        <Y>175</Y>
      </Point>
      <Point>
        <X>113</X>
        <Y>176</Y>
      </Point>
      <Point>
        <X>113</X>
        <Y>177</Y>
      </Point>
      <Point>
        <X>113</X>
        <Y>178</Y>
      </Point>
      <Point>
        <X>113</X>
        <Y>179</Y>
      </Point>
      <Point>
        <X>113</X>
        <Y>180</Y>
      </Point>
      <Point>
        <X>113</X>
        <Y>181</Y>
      </Point>
      <Point>
        <X>113</X>
        <Y>182</Y>
      </Point>
      <Point>
        <X>114</X>
        <Y>183</Y>
      </Point>
      <Point>
        <X>115</X>
        <Y>184</Y>
      </Point>
      <Point>
        <X>116</X>
        <Y>185</Y>
      </Point>
      <Point>
        <X>118</X>
        <Y>186</Y>
      </Point>
      <Point>
        <X>119</X>
        <Y>186</Y>
      </Point>
      <Point>
        <X>121</X>
        <Y>187</Y>
      </Point>
      <Point>
        <X>123</X>
        <Y>188</Y>
      </Point>
      <Point>
        <X>127</X>
        <Y>188</Y>
      </Point>
      <Point>
        <X>130</X>
        <Y>190</Y>
      </Point>
      <Point>
        <X>134</X>
        <Y>191</Y>
      </Point>
      <Point>
        <X>139</X>
        <Y>192</Y>
      </Point>
      <Point>
        <X>144</X>
        <Y>193</Y>
      </Point>
      <Point>
        <X>148</X>
        <Y>195</Y>
      </Point>
      <Point>
        <X>151</X>
        <Y>195</Y>
      </Point>
      <Point>
        <X>156</X>
        <Y>195</Y>
      </Point>
      <Point>
        <X>160</X>
        <Y>195</Y>
      </Point>
      <Point>
        <X>162</X>
        <Y>195</Y>
      </Point>
      <Point>
        <X>164</X>
        <Y>195</Y>
      </Point>
      <Point>
        <X>166</X>
        <Y>194</Y>
      </Point>
      <Point>
        <X>168</X>
        <Y>193</Y>
      </Point>
      <Point>
        <X>171</X>
        <Y>192</Y>
      </Point>
      <Point>
        <X>171</X>
        <Y>191</Y>
      </Point>
      <Point>
        <X>172</X>
        <Y>190</Y>
      </Point>
      <Point>
        <X>173</X>
        <Y>190</Y>
      </Point>
      <Point>
        <X>174</X>
        <Y>190</Y>
      </Point>
      <Point>
        <X>175</X>
        <Y>190</Y>
      </Point>
      <Point>
        <X>175</X>
        <Y>189</Y>
      </Point>
      <Point>
        <X>176</X>
        <Y>189</Y>
      </Point>
      <Point>
        <X>177</X>
        <Y>189</Y>
      </Point>
      <Point>
        <X>177</X>
        <Y>188</Y>
      </Point>
      <Point>
        <X>178</X>
        <Y>188</Y>
      </Point>
      <Point>
        <X>179</X>
        <Y>188</Y>
      </Point>
      <Point>
        <X>180</X>
        <Y>188</Y>
      </Point>
      <Point>
        <X>181</X>
        <Y>188</Y>
      </Point>
      <Point>
        <X>182</X>
        <Y>188</Y>
      </Point>
      <Point>
        <X>183</X>
        <Y>188</Y>
      </Point>
      <Point>
        <X>184</X>
        <Y>188</Y>
      </Point>
      <Point>
        <X>185</X>
        <Y>188</Y>
      </Point>
      <Point>
        <X>186</X>
        <Y>188</Y>
      </Point>
    </SourcePath>
    <Output>1</Output>
    <RecognizedAs>1</RecognizedAs>
  </Sequence>
  <Sequence>
    <Classes>
      <string>1</string>
      <string>2</string>
      <string>3</string>
    </Classes>
    <SourcePath>
      <Point>
        <X>140</X>
        <Y>54</Y>
      </Point>
      <Point>
        <X>142</X>
        <Y>53</Y>
      </Point>
      <Point>
        <X>144</X>
        <Y>51</Y>
      </Point>
      <Point>
        <X>149</X>
        <Y>49</Y>
      </Point>
      <Point>
        <X>154</X>
        <Y>49</Y>
      </Point>
      <Point>
        <X>159</X>
        <Y>49</Y>
      </Point>
      <Point>
        <X>164</X>
        <Y>49</Y>
      </Point>
      <Point>
        <X>170</X>
        <Y>49</Y>
      </Point>
      <Point>
        <X>175</X>
        <Y>50</Y>
      </Point>
      <Point>
        <X>183</X>
        <Y>53</Y>
      </Point>
      <Point>
        <X>188</X>
        <Y>54</Y>
      </Point>
      <Point>
        <X>193</X>
        <Y>58</Y>
      </Point>
      <Point>
        <X>197</X>
        <Y>62</Y>
      </Point>
      <Point>
        <X>200</X>
        <Y>66</Y>
      </Point>
      <Point>
        <X>202</X>
        <Y>69</Y>
      </Point>
      <Point>
        <X>203</X>
        <Y>73</Y>
      </Point>
      <Point>
        <X>203</X>
        <Y>75</Y>
      </Point>
      <Point>
        <X>204</X>
        <Y>78</Y>
      </Point>
      <Point>
        <X>204</X>
        <Y>81</Y>
      </Point>
      <Point>
        <X>204</X>
        <Y>84</Y>
      </Point>
      <Point>
        <X>204</X>
        <Y>89</Y>
      </Point>
      <Point>
        <X>202</X>
        <Y>95</Y>
      </Point>
      <Point>
        <X>197</X>
        <Y>102</Y>
      </Point>
      <Point>
        <X>193</X>
        <Y>108</Y>
      </Point>
      <Point>
        <X>187</X>
        <Y>112</Y>
      </Point>
      <Point>
        <X>181</X>
        <Y>116</Y>
      </Point>
      <Point>
        <X>174</X>
        <Y>121</Y>
      </Point>
      <Point>
        <X>168</X>
        <Y>125</Y>
      </Point>
      <Point>
        <X>160</X>
        <Y>130</Y>
      </Point>
      <Point>
        <X>155</X>
        <Y>131</Y>
      </Point>
      <Point>
        <X>148</X>
        <Y>131</Y>
      </Point>
      <Point>
        <X>144</X>
        <Y>131</Y>
      </Point>
      <Point>
        <X>140</X>
        <Y>131</Y>
      </Point>
      <Point>
        <X>138</X>
        <Y>131</Y>
      </Point>
      <Point>
        <X>137</X>
        <Y>131</Y>
      </Point>
      <Point>
        <X>136</X>
        <Y>131</Y>
      </Point>
      <Point>
        <X>137</X>
        <Y>131</Y>
      </Point>
      <Point>
        <X>140</X>
        <Y>131</Y>
      </Point>
      <Point>
        <X>142</X>
        <Y>130</Y>
      </Point>
      <Point>
        <X>146</X>
        <Y>130</Y>
      </Point>
      <Point>
        <X>151</X>
        <Y>130</Y>
      </Point>
      <Point>
        <X>156</X>
        <Y>132</Y>
      </Point>
      <Point>
        <X>166</X>
        <Y>136</Y>
      </Point>
      <Point>
        <X>175</X>
        <Y>141</Y>
      </Point>
      <Point>
        <X>183</X>
        <Y>147</Y>
      </Point>
      <Point>
        <X>191</X>
        <Y>152</Y>
      </Point>
      <Point>
        <X>197</X>
        <Y>156</Y>
      </Point>
      <Point>
        <X>202</X>
        <Y>159</Y>
      </Point>
      <Point>
        <X>206</X>
        <Y>162</Y>
      </Point>
      <Point>
        <X>208</X>
        <Y>164</Y>
      </Point>
      <Point>
        <X>209</X>
        <Y>167</Y>
      </Point>
      <Point>
        <X>210</X>
        <Y>170</Y>
      </Point>
      <Point>
        <X>210</X>
        <Y>173</Y>
      </Point>
      <Point>
        <X>210</X>
        <Y>175</Y>
      </Point>
      <Point>
        <X>210</X>
        <Y>179</Y>
      </Point>
      <Point>
        <X>210</X>
        <Y>182</Y>
      </Point>
      <Point>
        <X>210</X>
        <Y>186</Y>
      </Point>
      <Point>
        <X>207</X>
        <Y>191</Y>
      </Point>
      <Point>
        <X>205</X>
        <Y>195</Y>
      </Point>
      <Point>
        <X>201</X>
        <Y>199</Y>
      </Point>
      <Point>
        <X>197</X>
        <Y>202</Y>
      </Point>
      <Point>
        <X>194</X>
        <Y>206</Y>
      </Point>
      <Point>
        <X>190</X>
        <Y>207</Y>
      </Point>
      <Point>
        <X>185</X>
        <Y>210</Y>
      </Point>
      <Point>
        <X>181</X>
        <Y>211</Y>
      </Point>
      <Point>
        <X>176</X>
        <Y>212</Y>
      </Point>
      <Point>
        <X>171</X>
        <Y>214</Y>
      </Point>
      <Point>
        <X>168</X>
        <Y>214</Y>
      </Point>
      <Point>
        <X>164</X>
        <Y>214</Y>
      </Point>
      <Point>
        <X>161</X>
        <Y>214</Y>
      </Point>
      <Point>
        <X>157</X>
        <Y>214</Y>
      </Point>
      <Point>
        <X>154</X>
        <Y>214</Y>
      </Point>
      <Point>
        <X>151</X>
        <Y>214</Y>
      </Point>
      <Point>
        <X>149</X>
        <Y>214</Y>
      </Point>
      <Point>
        <X>147</X>
        <Y>212</Y>
      </Point>
      <Point>
        <X>146</X>
        <Y>212</Y>
      </Point>
      <Point>
        <X>145</X>
        <Y>212</Y>
      </Point>
      <Point>
        <X>144</X>
        <Y>211</Y>
      </Point>
      <Point>
        <X>143</X>
        <Y>211</Y>
      </Point>
      <Point>
        <X>142</X>
        <Y>210</Y>
      </Point>
      <Point>
        <X>141</X>
        <Y>210</Y>
      </Point>
    </SourcePath>
    <Output>2</Output>
    <RecognizedAs>2</RecognizedAs>
  </Sequence>
  <Sequence>
    <Classes>
      <string>1</string>
      <string>2</string>
      <string>3</string>
    </Classes>
    <SourcePath>
      <Point>
        <X>173</X>
        <Y>72</Y>
      </Point>
      <Point>
        <X>175</X>
        <Y>71</Y>
      </Point>
      <Point>
        <X>176</X>
        <Y>71</Y>
      </Point>
      <Point>
        <X>177</X>
        <Y>71</Y>
      </Point>
      <Point>
        <X>179</X>
        <Y>70</Y>
      </Point>
      <Point>
        <X>181</X>
        <Y>70</Y>
      </Point>
      <Point>
        <X>183</X>
        <Y>70</Y>
      </Point>
      <Point>
        <X>185</X>
        <Y>70</Y>
      </Point>
      <Point>
        <X>189</X>
        <Y>70</Y>
      </Point>
      <Point>
        <X>192</X>
        <Y>70</Y>
      </Point>
      <Point>
        <X>194</X>
        <Y>70</Y>
      </Point>
      <Point>
        <X>198</X>
        <Y>71</Y>
      </Point>
      <Point>
        <X>202</X>
        <Y>73</Y>
      </Point>
      <Point>
        <X>204</X>
        <Y>76</Y>
      </Point>
      <Point>
        <X>206</X>
        <Y>78</Y>
      </Point>
      <Point>
        <X>210</X>
        <Y>82</Y>
      </Point>
      <Point>
        <X>213</X>
        <Y>87</Y>
      </Point>
      <Point>
        <X>214</X>
        <Y>92</Y>
      </Point>
      <Point>
        <X>214</X>
        <Y>97</Y>
      </Point>
      <Point>
        <X>214</X>
        <Y>102</Y>
      </Point>
      <Point>
        <X>214</X>
        <Y>106</Y>
      </Point>
      <Point>
        <X>214</X>
        <Y>109</Y>
      </Point>
      <Point>
        <X>214</X>
        <Y>111</Y>
      </Point>
      <Point>
        <X>214</X>
        <Y>115</Y>
      </Point>
      <Point>
        <X>213</X>
        <Y>117</Y>
      </Point>
      <Point>
        <X>210</X>
        <Y>119</Y>
      </Point>
      <Point>
        <X>208</X>
        <Y>121</Y>
      </Point>
      <Point>
        <X>206</X>
        <Y>123</Y>
      </Point>
      <Point>
        <X>204</X>
        <Y>124</Y>
      </Point>
      <Point>
        <X>201</X>
        <Y>125</Y>
      </Point>
      <Point>
        <X>199</X>
        <Y>127</Y>
      </Point>
      <Point>
        <X>196</X>
        <Y>129</Y>
      </Point>
      <Point>
        <X>192</X>
        <Y>130</Y>
      </Point>
      <Point>
        <X>188</X>
        <Y>132</Y>
      </Point>
      <Point>
        <X>186</X>
        <Y>133</Y>
      </Point>
      <Point>
        <X>181</X>
        <Y>133</Y>
      </Point>
      <Point>
        <X>179</X>
        <Y>135</Y>
      </Point>
      <Point>
        <X>174</X>
        <Y>136</Y>
      </Point>
      <Point>
        <X>172</X>
        <Y>137</Y>
      </Point>
      <Point>
        <X>168</X>
        <Y>137</Y>
      </Point>
      <Point>
        <X>167</X>
        <Y>138</Y>
      </Point>
      <Point>
        <X>166</X>
        <Y>138</Y>
      </Point>
      <Point>
        <X>168</X>
        <Y>138</Y>
      </Point>
      <Point>
        <X>170</X>
        <Y>138</Y>
      </Point>
      <Point>
        <X>173</X>
        <Y>137</Y>
      </Point>
      <Point>
        <X>175</X>
        <Y>137</Y>
      </Point>
      <Point>
        <X>178</X>
        <Y>137</Y>
      </Point>
      <Point>
        <X>183</X>
        <Y>137</Y>
      </Point>
      <Point>
        <X>190</X>
        <Y>137</Y>
      </Point>
      <Point>
        <X>198</X>
        <Y>143</Y>
      </Point>
      <Point>
        <X>205</X>
        <Y>148</Y>
      </Point>
      <Point>
        <X>213</X>
        <Y>154</Y>
      </Point>
      <Point>
        <X>221</X>
        <Y>160</Y>
      </Point>
      <Point>
        <X>227</X>
        <Y>166</Y>
      </Point>
      <Point>
        <X>233</X>
        <Y>171</Y>
      </Point>
      <Point>
        <X>237</X>
        <Y>176</Y>
      </Point>
      <Point>
        <X>239</X>
        <Y>180</Y>
      </Point>
      <Point>
        <X>242</X>
        <Y>184</Y>
      </Point>
      <Point>
        <X>242</X>
        <Y>189</Y>
      </Point>
      <Point>
        <X>242</X>
        <Y>193</Y>
      </Point>
      <Point>
        <X>240</X>
        <Y>199</Y>
      </Point>
      <Point>
        <X>239</X>
        <Y>204</Y>
      </Point>
      <Point>
        <X>235</X>
        <Y>209</Y>
      </Point>
      <Point>
        <X>231</X>
        <Y>213</Y>
      </Point>
      <Point>
        <X>226</X>
        <Y>216</Y>
      </Point>
      <Point>
        <X>222</X>
        <Y>218</Y>
      </Point>
      <Point>
        <X>217</X>
        <Y>221</Y>
      </Point>
      <Point>
        <X>211</X>
        <Y>224</Y>
      </Point>
      <Point>
        <X>206</X>
        <Y>226</Y>
      </Point>
      <Point>
        <X>201</X>
        <Y>228</Y>
      </Point>
      <Point>
        <X>194</X>
        <Y>229</Y>
      </Point>
      <Point>
        <X>189</X>
        <Y>230</Y>
      </Point>
      <Point>
        <X>182</X>
        <Y>230</Y>
      </Point>
      <Point>
        <X>178</X>
        <Y>230</Y>
      </Point>
      <Point>
        <X>173</X>
        <Y>230</Y>
      </Point>
      <Point>
        <X>170</X>
        <Y>230</Y>
      </Point>
      <Point>
        <X>168</X>
        <Y>230</Y>
      </Point>
      <Point>
        <X>164</X>
        <Y>229</Y>
      </Point>
      <Point>
        <X>161</X>
        <Y>226</Y>
      </Point>
      <Point>
        <X>158</X>
        <Y>225</Y>
      </Point>
      <Point>
        <X>155</X>
        <Y>224</Y>
      </Point>
      <Point>
        <X>154</X>
        <Y>223</Y>
      </Point>
      <Point>
        <X>153</X>
        <Y>222</Y>
      </Point>
      <Point>
        <X>152</X>
        <Y>221</Y>
      </Point>
      <Point>
        <X>152</X>
        <Y>220</Y>
      </Point>
      <Point>
        <X>152</X>
        <Y>219</Y>
      </Point>
    </SourcePath>
    <Output>2</Output>
    <RecognizedAs>2</RecognizedAs>
  </Sequence>
  <Sequence>
    <Classes>
      <string>1</string>
      <string>2</string>
      <string>3</string>
    </Classes>
    <SourcePath>
      <Point>
        <X>152</X>
        <Y>44</Y>
      </Point>
      <Point>
        <X>153</X>
        <Y>43</Y>
      </Point>
      <Point>
        <X>154</X>
        <Y>42</Y>
      </Point>
      <Point>
        <X>156</X>
        <Y>41</Y>
      </Point>
      <Point>
        <X>157</X>
        <Y>41</Y>
      </Point>
      <Point>
        <X>160</X>
        <Y>40</Y>
      </Point>
      <Point>
        <X>162</X>
        <Y>40</Y>
      </Point>
      <Point>
        <X>164</X>
        <Y>40</Y>
      </Point>
      <Point>
        <X>168</X>
        <Y>40</Y>
      </Point>
      <Point>
        <X>171</X>
        <Y>40</Y>
      </Point>
      <Point>
        <X>175</X>
        <Y>40</Y>
      </Point>
      <Point>
        <X>178</X>
        <Y>43</Y>
      </Point>
      <Point>
        <X>182</X>
        <Y>45</Y>
      </Point>
      <Point>
        <X>186</X>
        <Y>48</Y>
      </Point>
      <Point>
        <X>189</X>
        <Y>50</Y>
      </Point>
      <Point>
        <X>192</X>
        <Y>54</Y>
      </Point>
      <Point>
        <X>194</X>
        <Y>56</Y>
      </Point>
      <Point>
        <X>195</X>
        <Y>61</Y>
      </Point>
      <Point>
        <X>197</X>
        <Y>65</Y>
      </Point>
      <Point>
        <X>197</X>
        <Y>70</Y>
      </Point>
      <Point>
        <X>197</X>
        <Y>75</Y>
      </Point>
      <Point>
        <X>197</X>
        <Y>80</Y>
      </Point>
      <Point>
        <X>197</X>
        <Y>84</Y>
      </Point>
      <Point>
        <X>196</X>
        <Y>88</Y>
      </Point>
      <Point>
        <X>195</X>
        <Y>92</Y>
      </Point>
      <Point>
        <X>193</X>
        <Y>95</Y>
      </Point>
      <Point>
        <X>192</X>
        <Y>100</Y>
      </Point>
      <Point>
        <X>189</X>
        <Y>104</Y>
      </Point>
      <Point>
        <X>187</X>
        <Y>108</Y>
      </Point>
      <Point>
        <X>183</X>
        <Y>110</Y>
      </Point>
      <Point>
        <X>181</X>
        <Y>114</Y>
      </Point>
      <Point>
        <X>177</X>
        <Y>116</Y>
      </Point>
      <Point>
        <X>175</X>
        <Y>117</Y>
      </Point>
      <Point>
        <X>171</X>
        <Y>119</Y>
      </Point>
      <Point>
        <X>169</X>
        <Y>120</Y>
      </Point>
      <Point>
        <X>165</X>
        <Y>121</Y>
      </Point>
      <Point>
        <X>163</X>
        <Y>121</Y>
      </Point>
      <Point>
        <X>162</X>
        <Y>121</Y>
      </Point>
      <Point>
        <X>161</X>
        <Y>121</Y>
      </Point>
      <Point>
        <X>161</X>
        <Y>120</Y>
      </Point>
      <Point>
        <X>163</X>
        <Y>119</Y>
      </Point>
      <Point>
        <X>164</X>
        <Y>119</Y>
      </Point>
      <Point>
        <X>166</X>
        <Y>119</Y>
      </Point>
      <Point>
        <X>170</X>
        <Y>118</Y>
      </Point>
      <Point>
        <X>173</X>
        <Y>118</Y>
      </Point>
      <Point>
        <X>178</X>
        <Y>119</Y>
      </Point>
      <Point>
        <X>186</X>
        <Y>124</Y>
      </Point>
      <Point>
        <X>196</X>
        <Y>131</Y>
      </Point>
      <Point>
        <X>206</X>
        <Y>137</Y>
      </Point>
      <Point>
        <X>215</X>
        <Y>142</Y>
      </Point>
      <Point>
        <X>221</X>
        <Y>145</Y>
      </Point>
      <Point>
        <X>225</X>
        <Y>147</Y>
      </Point>
      <Point>
        <X>228</X>
        <Y>150</Y>
      </Point>
      <Point>
        <X>229</X>
        <Y>152</Y>
      </Point>
      <Point>
        <X>230</X>
        <Y>153</Y>
      </Point>
      <Point>
        <X>231</X>
        <Y>155</Y>
      </Point>
      <Point>
        <X>231</X>
        <Y>157</Y>
      </Point>
      <Point>
        <X>231</X>
        <Y>159</Y>
      </Point>
      <Point>
        <X>231</X>
        <Y>161</Y>
      </Point>
      <Point>
        <X>231</X>
        <Y>165</Y>
      </Point>
      <Point>
        <X>230</X>
        <Y>168</Y>
      </Point>
      <Point>
        <X>227</X>
        <Y>172</Y>
      </Point>
      <Point>
        <X>225</X>
        <Y>176</Y>
      </Point>
      <Point>
        <X>221</X>
        <Y>179</Y>
      </Point>
      <Point>
        <X>217</X>
        <Y>183</Y>
      </Point>
      <Point>
        <X>214</X>
        <Y>187</Y>
      </Point>
      <Point>
        <X>210</X>
        <Y>191</Y>
      </Point>
      <Point>
        <X>204</X>
        <Y>194</Y>
      </Point>
      <Point>
        <X>201</X>
        <Y>197</Y>
      </Point>
      <Point>
        <X>197</X>
        <Y>200</Y>
      </Point>
      <Point>
        <X>195</X>
        <Y>202</Y>
      </Point>
      <Point>
        <X>191</X>
        <Y>203</Y>
      </Point>
      <Point>
        <X>187</X>
        <Y>205</Y>
      </Point>
      <Point>
        <X>185</X>
        <Y>206</Y>
      </Point>
      <Point>
        <X>183</X>
        <Y>206</Y>
      </Point>
      <Point>
        <X>180</X>
        <Y>206</Y>
      </Point>
      <Point>
        <X>177</X>
        <Y>206</Y>
      </Point>
      <Point>
        <X>174</X>
        <Y>206</Y>
      </Point>
      <Point>
        <X>172</X>
        <Y>206</Y>
      </Point>
      <Point>
        <X>170</X>
        <Y>206</Y>
      </Point>
      <Point>
        <X>168</X>
        <Y>206</Y>
      </Point>
      <Point>
        <X>164</X>
        <Y>205</Y>
      </Point>
      <Point>
        <X>163</X>
        <Y>205</Y>
      </Point>
      <Point>
        <X>161</X>
        <Y>202</Y>
      </Point>
      <Point>
        <X>159</X>
        <Y>202</Y>
      </Point>
      <Point>
        <X>158</X>
        <Y>200</Y>
      </Point>
      <Point>
        <X>156</X>
        <Y>199</Y>
      </Point>
      <Point>
        <X>155</X>
        <Y>197</Y>
      </Point>
      <Point>
        <X>154</X>
        <Y>197</Y>
      </Point>
      <Point>
        <X>153</X>
        <Y>195</Y>
      </Point>
      <Point>
        <X>152</X>
        <Y>194</Y>
      </Point>
      <Point>
        <X>151</X>
        <Y>193</Y>
      </Point>
      <Point>
        <X>150</X>
        <Y>192</Y>
      </Point>
      <Point>
        <X>150</X>
        <Y>191</Y>
      </Point>
    </SourcePath>
    <Output>2</Output>
    <RecognizedAs>2</RecognizedAs>
  </Sequence>
  <Sequence>
    <Classes>
      <string>1</string>
      <string>2</string>
      <string>3</string>
    </Classes>
    <SourcePath>
      <Point>
        <X>158</X>
        <Y>65</Y>
      </Point>
      <Point>
        <X>159</X>
        <Y>65</Y>
      </Point>
      <Point>
        <X>160</X>
        <Y>65</Y>
      </Point>
      <Point>
        <X>162</X>
        <Y>65</Y>
      </Point>
      <Point>
        <X>164</X>
        <Y>65</Y>
      </Point>
      <Point>
        <X>166</X>
        <Y>65</Y>
      </Point>
      <Point>
        <X>170</X>
        <Y>65</Y>
      </Point>
      <Point>
        <X>173</X>
        <Y>65</Y>
      </Point>
      <Point>
        <X>178</X>
        <Y>65</Y>
      </Point>
      <Point>
        <X>182</X>
        <Y>65</Y>
      </Point>
      <Point>
        <X>185</X>
        <Y>65</Y>
      </Point>
      <Point>
        <X>191</X>
        <Y>68</Y>
      </Point>
      <Point>
        <X>194</X>
        <Y>71</Y>
      </Point>
      <Point>
        <X>198</X>
        <Y>73</Y>
      </Point>
      <Point>
        <X>200</X>
        <Y>75</Y>
      </Point>
      <Point>
        <X>204</X>
        <Y>78</Y>
      </Point>
      <Point>
        <X>206</X>
        <Y>80</Y>
      </Point>
      <Point>
        <X>209</X>
        <Y>82</Y>
      </Point>
      <Point>
        <X>210</X>
        <Y>85</Y>
      </Point>
      <Point>
        <X>211</X>
        <Y>87</Y>
      </Point>
      <Point>
        <X>212</X>
        <Y>91</Y>
      </Point>
      <Point>
        <X>212</X>
        <Y>94</Y>
      </Point>
      <Point>
        <X>212</X>
        <Y>96</Y>
      </Point>
      <Point>
        <X>212</X>
        <Y>100</Y>
      </Point>
      <Point>
        <X>212</X>
        <Y>102</Y>
      </Point>
      <Point>
        <X>212</X>
        <Y>105</Y>
      </Point>
      <Point>
        <X>212</X>
        <Y>109</Y>
      </Point>
      <Point>
        <X>209</X>
        <Y>112</Y>
      </Point>
      <Point>
        <X>208</X>
        <Y>115</Y>
      </Point>
      <Point>
        <X>206</X>
        <Y>118</Y>
      </Point>
      <Point>
        <X>204</X>
        <Y>121</Y>
      </Point>
      <Point>
        <X>201</X>
        <Y>123</Y>
      </Point>
      <Point>
        <X>198</X>
        <Y>126</Y>
      </Point>
      <Point>
        <X>194</X>
        <Y>128</Y>
      </Point>
      <Point>
        <X>190</X>
        <Y>130</Y>
      </Point>
      <Point>
        <X>187</X>
        <Y>133</Y>
      </Point>
      <Point>
        <X>183</X>
        <Y>135</Y>
      </Point>
      <Point>
        <X>178</X>
        <Y>137</Y>
      </Point>
      <Point>
        <X>174</X>
        <Y>138</Y>
      </Point>
      <Point>
        <X>169</X>
        <Y>139</Y>
      </Point>
      <Point>
        <X>166</X>
        <Y>139</Y>
      </Point>
      <Point>
        <X>162</X>
        <Y>139</Y>
      </Point>
      <Point>
        <X>159</X>
        <Y>139</Y>
      </Point>
      <Point>
        <X>157</X>
        <Y>139</Y>
      </Point>
      <Point>
        <X>153</X>
        <Y>138</Y>
      </Point>
      <Point>
        <X>151</X>
        <Y>136</Y>
      </Point>
      <Point>
        <X>148</X>
        <Y>135</Y>
      </Point>
      <Point>
        <X>148</X>
        <Y>134</Y>
      </Point>
      <Point>
        <X>148</X>
        <Y>133</Y>
      </Point>
      <Point>
        <X>148</X>
        <Y>132</Y>
      </Point>
      <Point>
        <X>149</X>
        <Y>130</Y>
      </Point>
      <Point>
        <X>152</X>
        <Y>130</Y>
      </Point>
      <Point>
        <X>154</X>
        <Y>130</Y>
      </Point>
      <Point>
        <X>157</X>
        <Y>130</Y>
      </Point>
      <Point>
        <X>161</X>
        <Y>130</Y>
      </Point>
      <Point>
        <X>164</X>
        <Y>130</Y>
      </Point>
      <Point>
        <X>169</X>
        <Y>130</Y>
      </Point>
      <Point>
        <X>175</X>
        <Y>133</Y>
      </Point>
      <Point>
        <X>180</X>
        <Y>134</Y>
      </Point>
      <Point>
        <X>185</X>
        <Y>135</Y>
      </Point>
      <Point>
        <X>190</X>
        <Y>138</Y>
      </Point>
      <Point>
        <X>194</X>
        <Y>140</Y>
      </Point>
      <Point>
        <X>199</X>
        <Y>143</Y>
      </Point>
      <Point>
        <X>201</X>
        <Y>145</Y>
      </Point>
      <Point>
        <X>205</X>
        <Y>148</Y>
      </Point>
      <Point>
        <X>207</X>
        <Y>150</Y>
      </Point>
      <Point>
        <X>210</X>
        <Y>154</Y>
      </Point>
      <Point>
        <X>211</X>
        <Y>156</Y>
      </Point>
      <Point>
        <X>212</X>
        <Y>159</Y>
      </Point>
      <Point>
        <X>212</X>
        <Y>163</Y>
      </Point>
      <Point>
        <X>212</X>
        <Y>166</Y>
      </Point>
      <Point>
        <X>212</X>
        <Y>170</Y>
      </Point>
      <Point>
        <X>212</X>
        <Y>175</Y>
      </Point>
      <Point>
        <X>211</X>
        <Y>180</Y>
      </Point>
      <Point>
        <X>209</X>
        <Y>185</Y>
      </Point>
      <Point>
        <X>207</X>
        <Y>189</Y>
      </Point>
      <Point>
        <X>204</X>
        <Y>194</Y>
      </Point>
      <Point>
        <X>202</X>
        <Y>198</Y>
      </Point>
      <Point>
        <X>199</X>
        <Y>200</Y>
      </Point>
      <Point>
        <X>197</X>
        <Y>204</Y>
      </Point>
      <Point>
        <X>195</X>
        <Y>206</Y>
      </Point>
      <Point>
        <X>191</X>
        <Y>208</Y>
      </Point>
      <Point>
        <X>189</X>
        <Y>210</Y>
      </Point>
      <Point>
        <X>186</X>
        <Y>212</Y>
      </Point>
      <Point>
        <X>183</X>
        <Y>213</Y>
      </Point>
      <Point>
        <X>181</X>
        <Y>214</Y>
      </Point>
      <Point>
        <X>177</X>
        <Y>215</Y>
      </Point>
      <Point>
        <X>173</X>
        <Y>217</Y>
      </Point>
      <Point>
        <X>171</X>
        <Y>217</Y>
      </Point>
      <Point>
        <X>168</X>
        <Y>217</Y>
      </Point>
      <Point>
        <X>166</X>
        <Y>217</Y>
      </Point>
      <Point>
        <X>162</X>
        <Y>217</Y>
      </Point>
      <Point>
        <X>159</X>
        <Y>217</Y>
      </Point>
      <Point>
        <X>157</X>
        <Y>217</Y>
      </Point>
      <Point>
        <X>155</X>
        <Y>217</Y>
      </Point>
      <Point>
        <X>152</X>
        <Y>217</Y>
      </Point>
      <Point>
        <X>150</X>
        <Y>215</Y>
      </Point>
      <Point>
        <X>149</X>
        <Y>214</Y>
      </Point>
      <Point>
        <X>148</X>
        <Y>214</Y>
      </Point>
      <Point>
        <X>147</X>
        <Y>213</Y>
      </Point>
    </SourcePath>
    <Output>2</Output>
    <RecognizedAs>2</RecognizedAs>
  </Sequence>
  <Sequence>
    <Classes>
      <string>1</string>
      <string>2</string>
      <string>3</string>
    </Classes>
    <SourcePath>
      <Point>
        <X>141</X>
        <Y>106</Y>
      </Point>
      <Point>
        <X>144</X>
        <Y>105</Y>
      </Point>
      <Point>
        <X>145</X>
        <Y>104</Y>
      </Point>
      <Point>
        <X>146</X>
        <Y>102</Y>
      </Point>
      <Point>
        <X>148</X>
        <Y>101</Y>
      </Point>
      <Point>
        <X>150</X>
        <Y>100</Y>
      </Point>
      <Point>
        <X>151</X>
        <Y>99</Y>
      </Point>
      <Point>
        <X>154</X>
        <Y>97</Y>
      </Point>
      <Point>
        <X>158</X>
        <Y>94</Y>
      </Point>
      <Point>
        <X>162</X>
        <Y>90</Y>
      </Point>
      <Point>
        <X>166</X>
        <Y>87</Y>
      </Point>
      <Point>
        <X>169</X>
        <Y>83</Y>
      </Point>
      <Point>
        <X>173</X>
        <Y>79</Y>
      </Point>
      <Point>
        <X>179</X>
        <Y>75</Y>
      </Point>
      <Point>
        <X>181</X>
        <Y>71</Y>
      </Point>
      <Point>
        <X>184</X>
        <Y>69</Y>
      </Point>
      <Point>
        <X>186</X>
        <Y>68</Y>
      </Point>
      <Point>
        <X>186</X>
        <Y>67</Y>
      </Point>
      <Point>
        <X>186</X>
        <Y>68</Y>
      </Point>
      <Point>
        <X>186</X>
        <Y>70</Y>
      </Point>
      <Point>
        <X>186</X>
        <Y>73</Y>
      </Point>
      <Point>
        <X>186</X>
        <Y>76</Y>
      </Point>
      <Point>
        <X>186</X>
        <Y>79</Y>
      </Point>
      <Point>
        <X>185</X>
        <Y>83</Y>
      </Point>
      <Point>
        <X>183</X>
        <Y>88</Y>
      </Point>
      <Point>
        <X>182</X>
        <Y>95</Y>
      </Point>
      <Point>
        <X>181</X>
        <Y>100</Y>
      </Point>
      <Point>
        <X>181</X>
        <Y>107</Y>
      </Point>
      <Point>
        <X>179</X>
        <Y>114</Y>
      </Point>
      <Point>
        <X>178</X>
        <Y>123</Y>
      </Point>
      <Point>
        <X>178</X>
        <Y>130</Y>
      </Point>
      <Point>
        <X>176</X>
        <Y>137</Y>
      </Point>
      <Point>
        <X>175</X>
        <Y>144</Y>
      </Point>
      <Point>
        <X>175</X>
        <Y>151</Y>
      </Point>
      <Point>
        <X>173</X>
        <Y>158</Y>
      </Point>
      <Point>
        <X>173</X>
        <Y>164</Y>
      </Point>
      <Point>
        <X>172</X>
        <Y>170</Y>
      </Point>
      <Point>
        <X>172</X>
        <Y>176</Y>
      </Point>
      <Point>
        <X>171</X>
        <Y>181</Y>
      </Point>
      <Point>
        <X>171</X>
        <Y>188</Y>
      </Point>
      <Point>
        <X>169</X>
        <Y>195</Y>
      </Point>
      <Point>
        <X>168</X>
        <Y>202</Y>
      </Point>
      <Point>
        <X>168</X>
        <Y>209</Y>
      </Point>
      <Point>
        <X>167</X>
        <Y>214</Y>
      </Point>
      <Point>
        <X>167</X>
        <Y>218</Y>
      </Point>
      <Point>
        <X>166</X>
        <Y>220</Y>
      </Point>
      <Point>
        <X>166</X>
        <Y>222</Y>
      </Point>
    </SourcePath>
    <Output>0</Output>
    <RecognizedAs>0</RecognizedAs>
  </Sequence>
  <Sequence>
    <Classes>
      <string>1</string>
      <string>2</string>
      <string>3</string>
    </Classes>
    <SourcePath>
      <Point>
        <X>194</X>
        <Y>132</Y>
      </Point>
      <Point>
        <X>194</X>
        <Y>130</Y>
      </Point>
      <Point>
        <X>194</X>
        <Y>128</Y>
      </Point>
      <Point>
        <X>194</X>
        <Y>127</Y>
      </Point>
      <Point>
        <X>194</X>
        <Y>125</Y>
      </Point>
      <Point>
        <X>194</X>
        <Y>124</Y>
      </Point>
      <Point>
        <X>194</X>
        <Y>123</Y>
      </Point>
      <Point>
        <X>195</X>
        <Y>123</Y>
      </Point>
      <Point>
        <X>196</X>
        <Y>123</Y>
      </Point>
      <Point>
        <X>199</X>
        <Y>123</Y>
      </Point>
      <Point>
        <X>200</X>
        <Y>123</Y>
      </Point>
      <Point>
        <X>202</X>
        <Y>123</Y>
      </Point>
      <Point>
        <X>205</X>
        <Y>123</Y>
      </Point>
      <Point>
        <X>207</X>
        <Y>123</Y>
      </Point>
      <Point>
        <X>209</X>
        <Y>123</Y>
      </Point>
      <Point>
        <X>211</X>
        <Y>123</Y>
      </Point>
      <Point>
        <X>213</X>
        <Y>123</Y>
      </Point>
      <Point>
        <X>216</X>
        <Y>124</Y>
      </Point>
      <Point>
        <X>218</X>
        <Y>127</Y>
      </Point>
      <Point>
        <X>220</X>
        <Y>129</Y>
      </Point>
      <Point>
        <X>223</X>
        <Y>133</Y>
      </Point>
      <Point>
        <X>224</X>
        <Y>136</Y>
      </Point>
      <Point>
        <X>225</X>
        <Y>140</Y>
      </Point>
      <Point>
        <X>225</X>
        <Y>143</Y>
      </Point>
      <Point>
        <X>225</X>
        <Y>147</Y>
      </Point>
      <Point>
        <X>225</X>
        <Y>150</Y>
      </Point>
      <Point>
        <X>225</X>
        <Y>154</Y>
      </Point>
      <Point>
        <X>224</X>
        <Y>159</Y>
      </Point>
      <Point>
        <X>221</X>
        <Y>164</Y>
      </Point>
      <Point>
        <X>219</X>
        <Y>168</Y>
      </Point>
      <Point>
        <X>216</X>
        <Y>172</Y>
      </Point>
      <Point>
        <X>214</X>
        <Y>175</Y>
      </Point>
      <Point>
        <X>211</X>
        <Y>178</Y>
      </Point>
      <Point>
        <X>209</X>
        <Y>180</Y>
      </Point>
      <Point>
        <X>207</X>
        <Y>182</Y>
      </Point>
      <Point>
        <X>204</X>
        <Y>184</Y>
      </Point>
      <Point>
        <X>202</X>
        <Y>185</Y>
      </Point>
      <Point>
        <X>200</X>
        <Y>186</Y>
      </Point>
      <Point>
        <X>198</X>
        <Y>186</Y>
      </Point>
      <Point>
        <X>197</X>
        <Y>187</Y>
      </Point>
      <Point>
        <X>196</X>
        <Y>187</Y>
      </Point>
      <Point>
        <X>197</X>
        <Y>187</Y>
      </Point>
      <Point>
        <X>198</X>
        <Y>187</Y>
      </Point>
      <Point>
        <X>199</X>
        <Y>187</Y>
      </Point>
      <Point>
        <X>201</X>
        <Y>187</Y>
      </Point>
      <Point>
        <X>203</X>
        <Y>187</Y>
      </Point>
      <Point>
        <X>205</X>
        <Y>187</Y>
      </Point>
      <Point>
        <X>207</X>
        <Y>187</Y>
      </Point>
      <Point>
        <X>211</X>
        <Y>189</Y>
      </Point>
      <Point>
        <X>215</X>
        <Y>195</Y>
      </Point>
      <Point>
        <X>219</X>
        <Y>202</Y>
      </Point>
      <Point>
        <X>226</X>
        <Y>210</Y>
      </Point>
      <Point>
        <X>229</X>
        <Y>218</Y>
      </Point>
      <Point>
        <X>231</X>
        <Y>223</Y>
      </Point>
      <Point>
        <X>234</X>
        <Y>230</Y>
      </Point>
      <Point>
        <X>236</X>
        <Y>234</Y>
      </Point>
      <Point>
        <X>236</X>
        <Y>239</Y>
      </Point>
      <Point>
        <X>236</X>
        <Y>242</Y>
      </Point>
      <Point>
        <X>236</X>
        <Y>246</Y>
      </Point>
      <Point>
        <X>236</X>
        <Y>249</Y>
      </Point>
      <Point>
        <X>235</X>
        <Y>252</Y>
      </Point>
      <Point>
        <X>232</X>
        <Y>253</Y>
      </Point>
      <Point>
        <X>230</X>
        <Y>254</Y>
      </Point>
      <Point>
        <X>226</X>
        <Y>255</Y>
      </Point>
      <Point>
        <X>221</X>
        <Y>256</Y>
      </Point>
      <Point>
        <X>216</X>
        <Y>258</Y>
      </Point>
      <Point>
        <X>209</X>
        <Y>258</Y>
      </Point>
      <Point>
        <X>204</X>
        <Y>258</Y>
      </Point>
      <Point>
        <X>199</X>
        <Y>258</Y>
      </Point>
      <Point>
        <X>195</X>
        <Y>258</Y>
      </Point>
      <Point>
        <X>191</X>
        <Y>258</Y>
      </Point>
      <Point>
        <X>186</X>
        <Y>258</Y>
      </Point>
      <Point>
        <X>183</X>
        <Y>257</Y>
      </Point>
      <Point>
        <X>180</X>
        <Y>255</Y>
      </Point>
      <Point>
        <X>178</X>
        <Y>255</Y>
      </Point>
      <Point>
        <X>176</X>
        <Y>253</Y>
      </Point>
      <Point>
        <X>175</X>
        <Y>252</Y>
      </Point>
      <Point>
        <X>175</X>
        <Y>251</Y>
      </Point>
    </SourcePath>
    <Output>2</Output>
    <RecognizedAs>2</RecognizedAs>
  </Sequence>
  <Sequence>
    <Classes>
      <string>1</string>
      <string>2</string>
      <string>3</string>
    </Classes>
    <SourcePath>
      <Point>
        <X>173</X>
        <Y>86</Y>
      </Point>
      <Point>
        <X>173</X>
        <Y>85</Y>
      </Point>
      <Point>
        <X>174</X>
        <Y>84</Y>
      </Point>
      <Point>
        <X>175</X>
        <Y>83</Y>
      </Point>
      <Point>
        <X>176</X>
        <Y>82</Y>
      </Point>
      <Point>
        <X>177</X>
        <Y>81</Y>
      </Point>
      <Point>
        <X>178</X>
        <Y>81</Y>
      </Point>
      <Point>
        <X>180</X>
        <Y>80</Y>
      </Point>
      <Point>
        <X>181</X>
        <Y>80</Y>
      </Point>
      <Point>
        <X>183</X>
        <Y>80</Y>
      </Point>
      <Point>
        <X>185</X>
        <Y>80</Y>
      </Point>
      <Point>
        <X>187</X>
        <Y>80</Y>
      </Point>
      <Point>
        <X>191</X>
        <Y>80</Y>
      </Point>
      <Point>
        <X>193</X>
        <Y>80</Y>
      </Point>
      <Point>
        <X>195</X>
        <Y>81</Y>
      </Point>
      <Point>
        <X>199</X>
        <Y>82</Y>
      </Point>
      <Point>
        <X>200</X>
        <Y>83</Y>
      </Point>
      <Point>
        <X>202</X>
        <Y>85</Y>
      </Point>
      <Point>
        <X>203</X>
        <Y>87</Y>
      </Point>
      <Point>
        <X>204</X>
        <Y>88</Y>
      </Point>
      <Point>
        <X>204</X>
        <Y>91</Y>
      </Point>
      <Point>
        <X>204</X>
        <Y>95</Y>
      </Point>
      <Point>
        <X>204</X>
        <Y>98</Y>
      </Point>
      <Point>
        <X>204</X>
        <Y>102</Y>
      </Point>
      <Point>
        <X>204</X>
        <Y>105</Y>
      </Point>
      <Point>
        <X>202</X>
        <Y>109</Y>
      </Point>
      <Point>
        <X>200</X>
        <Y>111</Y>
      </Point>
      <Point>
        <X>198</X>
        <Y>115</Y>
      </Point>
      <Point>
        <X>195</X>
        <Y>116</Y>
      </Point>
      <Point>
        <X>193</X>
        <Y>117</Y>
      </Point>
      <Point>
        <X>191</X>
        <Y>118</Y>
      </Point>
      <Point>
        <X>187</X>
        <Y>121</Y>
      </Point>
      <Point>
        <X>183</X>
        <Y>123</Y>
      </Point>
      <Point>
        <X>180</X>
        <Y>126</Y>
      </Point>
      <Point>
        <X>177</X>
        <Y>128</Y>
      </Point>
      <Point>
        <X>176</X>
        <Y>130</Y>
      </Point>
      <Point>
        <X>175</X>
        <Y>131</Y>
      </Point>
      <Point>
        <X>174</X>
        <Y>132</Y>
      </Point>
      <Point>
        <X>175</X>
        <Y>132</Y>
      </Point>
      <Point>
        <X>178</X>
        <Y>131</Y>
      </Point>
      <Point>
        <X>180</X>
        <Y>130</Y>
      </Point>
      <Point>
        <X>184</X>
        <Y>130</Y>
      </Point>
      <Point>
        <X>187</X>
        <Y>130</Y>
      </Point>
      <Point>
        <X>191</X>
        <Y>130</Y>
      </Point>
      <Point>
        <X>194</X>
        <Y>131</Y>
      </Point>
      <Point>
        <X>200</X>
        <Y>136</Y>
      </Point>
      <Point>
        <X>205</X>
        <Y>141</Y>
      </Point>
      <Point>
        <X>210</X>
        <Y>148</Y>
      </Point>
      <Point>
        <X>214</X>
        <Y>152</Y>
      </Point>
      <Point>
        <X>217</X>
        <Y>158</Y>
      </Point>
      <Point>
        <X>218</X>
        <Y>161</Y>
      </Point>
      <Point>
        <X>220</X>
        <Y>166</Y>
      </Point>
      <Point>
        <X>220</X>
        <Y>171</Y>
      </Point>
      <Point>
        <X>220</X>
        <Y>176</Y>
      </Point>
      <Point>
        <X>220</X>
        <Y>180</Y>
      </Point>
      <Point>
        <X>220</X>
        <Y>185</Y>
      </Point>
      <Point>
        <X>218</X>
        <Y>188</Y>
      </Point>
      <Point>
        <X>214</X>
        <Y>192</Y>
      </Point>
      <Point>
        <X>212</X>
        <Y>195</Y>
      </Point>
      <Point>
        <X>208</X>
        <Y>197</Y>
      </Point>
      <Point>
        <X>206</X>
        <Y>199</Y>
      </Point>
      <Point>
        <X>202</X>
        <Y>201</Y>
      </Point>
      <Point>
        <X>198</X>
        <Y>202</Y>
      </Point>
      <Point>
        <X>193</X>
        <Y>203</Y>
      </Point>
      <Point>
        <X>188</X>
        <Y>204</Y>
      </Point>
      <Point>
        <X>181</X>
        <Y>204</Y>
      </Point>
      <Point>
        <X>177</X>
        <Y>204</Y>
      </Point>
      <Point>
        <X>173</X>
        <Y>204</Y>
      </Point>
      <Point>
        <X>170</X>
        <Y>204</Y>
      </Point>
      <Point>
        <X>167</X>
        <Y>204</Y>
      </Point>
      <Point>
        <X>165</X>
        <Y>203</Y>
      </Point>
      <Point>
        <X>163</X>
        <Y>202</Y>
      </Point>
      <Point>
        <X>162</X>
        <Y>202</Y>
      </Point>
      <Point>
        <X>161</X>
        <Y>201</Y>
      </Point>
      <Point>
        <X>160</X>
        <Y>201</Y>
      </Point>
    </SourcePath>
    <Output>2</Output>
    <RecognizedAs>2</RecognizedAs>
  </Sequence>
  <Sequence>
    <Classes>
      <string>1</string>
      <string>2</string>
      <string>3</string>
    </Classes>
    <SourcePath>
      <Point>
        <X>177</X>
        <Y>22</Y>
      </Point>
      <Point>
        <X>178</X>
        <Y>22</Y>
      </Point>
      <Point>
        <X>180</X>
        <Y>22</Y>
      </Point>
      <Point>
        <X>181</X>
        <Y>22</Y>
      </Point>
      <Point>
        <X>183</X>
        <Y>22</Y>
      </Point>
      <Point>
        <X>186</X>
        <Y>22</Y>
      </Point>
      <Point>
        <X>190</X>
        <Y>22</Y>
      </Point>
      <Point>
        <X>196</X>
        <Y>22</Y>
      </Point>
      <Point>
        <X>203</X>
        <Y>22</Y>
      </Point>
      <Point>
        <X>211</X>
        <Y>27</Y>
      </Point>
      <Point>
        <X>216</X>
        <Y>30</Y>
      </Point>
      <Point>
        <X>220</X>
        <Y>33</Y>
      </Point>
      <Point>
        <X>223</X>
        <Y>37</Y>
      </Point>
      <Point>
        <X>224</X>
        <Y>42</Y>
      </Point>
      <Point>
        <X>225</X>
        <Y>47</Y>
      </Point>
      <Point>
        <X>225</X>
        <Y>52</Y>
      </Point>
      <Point>
        <X>225</X>
        <Y>60</Y>
      </Point>
      <Point>
        <X>225</X>
        <Y>65</Y>
      </Point>
      <Point>
        <X>220</X>
        <Y>75</Y>
      </Point>
      <Point>
        <X>215</X>
        <Y>83</Y>
      </Point>
      <Point>
        <X>209</X>
        <Y>91</Y>
      </Point>
      <Point>
        <X>203</X>
        <Y>99</Y>
      </Point>
      <Point>
        <X>195</X>
        <Y>105</Y>
      </Point>
      <Point>
        <X>185</X>
        <Y>111</Y>
      </Point>
      <Point>
        <X>175</X>
        <Y>118</Y>
      </Point>
      <Point>
        <X>168</X>
        <Y>123</Y>
      </Point>
      <Point>
        <X>158</X>
        <Y>126</Y>
      </Point>
      <Point>
        <X>153</X>
        <Y>128</Y>
      </Point>
      <Point>
        <X>149</X>
        <Y>131</Y>
      </Point>
      <Point>
        <X>147</X>
        <Y>132</Y>
      </Point>
      <Point>
        <X>146</X>
        <Y>133</Y>
      </Point>
      <Point>
        <X>148</X>
        <Y>133</Y>
      </Point>
      <Point>
        <X>152</X>
        <Y>133</Y>
      </Point>
      <Point>
        <X>154</X>
        <Y>133</Y>
      </Point>
      <Point>
        <X>159</X>
        <Y>133</Y>
      </Point>
      <Point>
        <X>162</X>
        <Y>135</Y>
      </Point>
      <Point>
        <X>168</X>
        <Y>141</Y>
      </Point>
      <Point>
        <X>172</X>
        <Y>149</Y>
      </Point>
      <Point>
        <X>177</X>
        <Y>154</Y>
      </Point>
      <Point>
        <X>180</X>
        <Y>164</Y>
      </Point>
      <Point>
        <X>183</X>
        <Y>171</Y>
      </Point>
      <Point>
        <X>186</X>
        <Y>179</Y>
      </Point>
      <Point>
        <X>189</X>
        <Y>186</Y>
      </Point>
      <Point>
        <X>190</X>
        <Y>193</Y>
      </Point>
      <Point>
        <X>192</X>
        <Y>202</Y>
      </Point>
      <Point>
        <X>192</X>
        <Y>207</Y>
      </Point>
      <Point>
        <X>192</X>
        <Y>214</Y>
      </Point>
      <Point>
        <X>192</X>
        <Y>220</Y>
      </Point>
      <Point>
        <X>190</X>
        <Y>226</Y>
      </Point>
      <Point>
        <X>186</X>
        <Y>232</Y>
      </Point>
      <Point>
        <X>182</X>
        <Y>235</Y>
      </Point>
      <Point>
        <X>178</X>
        <Y>237</Y>
      </Point>
      <Point>
        <X>173</X>
        <Y>239</Y>
      </Point>
      <Point>
        <X>169</X>
        <Y>240</Y>
      </Point>
      <Point>
        <X>164</X>
        <Y>242</Y>
      </Point>
      <Point>
        <X>160</X>
        <Y>242</Y>
      </Point>
      <Point>
        <X>153</X>
        <Y>243</Y>
      </Point>
      <Point>
        <X>146</X>
        <Y>243</Y>
      </Point>
      <Point>
        <X>139</X>
        <Y>241</Y>
      </Point>
      <Point>
        <X>131</X>
        <Y>238</Y>
      </Point>
      <Point>
        <X>126</X>
        <Y>234</Y>
      </Point>
      <Point>
        <X>120</X>
        <Y>231</Y>
      </Point>
      <Point>
        <X>118</X>
        <Y>230</Y>
      </Point>
      <Point>
        <X>116</X>
        <Y>229</Y>
      </Point>
      <Point>
        <X>115</X>
        <Y>228</Y>
      </Point>
      <Point>
        <X>113</X>
        <Y>227</Y>
      </Point>
      <Point>
        <X>111</X>
        <Y>227</Y>
      </Point>
      <Point>
        <X>110</X>
        <Y>227</Y>
      </Point>
      <Point>
        <X>110</X>
        <Y>226</Y>
      </Point>
    </SourcePath>
    <Output>2</Output>
    <RecognizedAs>2</RecognizedAs>
  </Sequence>
</ArrayOfSequence>